{
    "case_IDs": [
        1,
        2,
        3,
        4
    ],
    "Frs": [
        0.076,
        0.097,
        0.126,
        0.163
    ],
    "Cds": [
        64.8,
        53.4,
        45.5,
        40
    ],
    "betas": [
        0.5,
        0.5,
        0.5,
        0.5
    ],
    "alphas_exp": [
        0.868,
        0.857,
        0.846,
        0.836
    ],
    "alphas_simple": [
        0.890030526117476,
        0.8802260381141247,
        0.8714323457381947,
        0.8637256205865179
    ]
}